<configs>

	<set xpath="/blocks/block[starts-with(@name, 'mine')]/property[@name='Stacknumber']/@value">100</set>	
	<set xpath="/blocks/block[@name='officeChair01']/property[@name='Stacknumber']/@value">100</set>
	<set xpath="/blocks/block[@name='woodChair1']/property[@name='Stacknumber']/@value">100</set>
	<set xpath="/blocks/block[@name='oldChair1']/property[@name='Stacknumber']/@value">100</set>
	<set xpath="/blocks/block[@name='chairFoldingMetalUnfoldedWhite']/property[@name='Stacknumber']/@value">100</set>
	<set xpath="/blocks/block[@name='chairFoldingMetalFoldedLeaningWhite']/property[@name='Stacknumber']/@value">100</set>
	<set xpath="/blocks/block[@name='chairFoldingMetalFoldedFallenWhite']/property[@name='Stacknumber']/@value">100</set>
	<set xpath="/blocks/block[@name='chairCampingWhite']/property[@name='Stacknumber']/@value">100</set>
	
	<insertAfter xpath="/blocks/block[@name='cropsGrowingMaster']/property[@name='Material']" >
		<property name="Stacknumber" value="1000"/>
	</insertAfter>
	<insertAfter xpath="/blocks/block[@name='treeMaster']/property[@name='Material']" >
		<property name="Stacknumber" value="1000"/>
	</insertAfter>
	<insertAfter xpath="/blocks/block[@name='woodLogPillar100']/property[@name='MaxDamage']" >
		<property name="Stacknumber" value="1000"/>
	</insertAfter>

</configs>