<configs>
	<set xpath="/recipes/recipe[@name='resourceRockSmallBundle']/ingredient[@name='resourceRockSmall']/@count">10000</set>
	<set xpath="/recipes/recipe[@name='resourceWoodBundle']/ingredient[@name='resourceWood']/@count">10000</set>
	<set xpath="/recipes/recipe[@name='resourceScrapIronBundle']/ingredient[@name='resourceScrapIron']/@count">10000</set>
	<set xpath="/recipes/recipe[@name='resourceOilShaleBundle']/ingredient[@name='resourceOilShale']/@count">10000</set>
	<set xpath="/recipes/recipe[@name='resourcePotassiumNitratePowderBundle']/ingredient[@name='resourcePotassiumNitratePowder']/@count">10000</set>
	<set xpath="/recipes/recipe[@name='resourceLeadBundle']/ingredient[@name='resourceScrapLead']/@count">10000</set>
	<set xpath="/recipes/recipe[@name='resourceCoalBundle']/ingredient[@name='resourceCoal']/@count">10000</set>
</configs>